{
  "AWSEBDockerrunVersion": 3,
  "containerDefinitions": [
    {
      "name": "client",
      "image": "keshav635/fibonexus-client",
      "hostname": "client",
      "essential": false,
      "memory": 512
    },
    {
      "name": "server",
      "image": "keshav635/fibonexus-server",
      "hostname": "api",
      "essential": false,
      "memory": 512
    },
    {
      "name": "worker",
      "image": "keshav635/fibonexus-worker",
      "hostname": "worker",
      "essential": false,
      "memory": 256
    },
    {
      "name": "nginx",
      "image": "keshav635/fibonexus-nginx",
      "hostname": "nginx",
      "essential": true,
      "memory": 256,
      "portMappings": [
        { "hostPort": 80, "containerPort": 80 }
      ]
    }
  ]
}
